15840	AZIZ_WA_AQARIB_KE_HUQOOQ
15841	BADGUMANI_AUR_USS_KA_ILAAJ
15842	DAWAT_E_ABDIYAT_1
15843	DAWAT_E_ABDIYAT_2
15844	DAWAT_E_ABDIYAT_3
15845	DAWAT_E_ABDIYAT_4
15846	DAWAT_E_ABDIYAT_5
15847	IFADAAT_E_FAROQI_VOL_2
15848	IFADAAT_E_FAROQI_VOL_4
15849	IFADAAT_E_FAROQI_VOL_5
15850	IFADAAT_E_FAROQI_VOL_6
15851	IFADAAT_E_FAROQI_VOL_7
15852	IFADAAT_E_FAROQI_VOL_8
15853	IFADAAT_E_FAROQI_VOL_9
15854	ISLAHI_KHUTBAAT_VOL_01
15855	ISLAHI_KHUTBAAT_VOL_02
15856	ISLAHI_KHUTBAAT_VOL_03
15857	ISLAHI_KHUTBAAT_VOL_04
15858	ISLAHI_KHUTBAAT_VOL_05
15859	ISLAHI_KHUTBAAT_VOL_06
15860	ISLAHI_KHUTBAAT_VOL_07
15861	ISLAHI_KHUTBAAT_VOL_08
15862	ISLAHI_KHUTBAAT_VOL_09
15863	ISLAHI_KHUTBAAT_VOL_10
15864	ISLAHI_KHUTBAAT_VOL_11
15865	ISLAHI_KHUTBAAT_VOL_12
15866	ISLAHI_KHUTBAAT_VOL_13
15867	ISLAHI_KHUTBAAT_VOL_14
15868	ISLAHI_KHUTBAAT_VOL_15
15869	ISLAHI_KHUTBAAT_VOL_16
15870	ISLAHI_MAJALIS_VOL_1
15871	ISLAHI_MAJALIS_VOL_2
15872	ISLAHI_MAJALIS_VOL_3
15873	ISLAHI_MAJALIS_VOL_4
15874	ISLAHI_MAJALIS_VOL_5
15875	ISLAHI_MAJALIS_VOL_6
15876	ISLAHI_MAJALIS_VOL_7
15877	ISLAHI_TAQREEREN_VOL_2
15878	ISLAHI_TAQREEREN_VOL_3
15879	ISLAHI_TAQREEREN_VOL_4
15880	ISLAHI_TAQREEREN_VOL_5
15881	ISLAHI_TAQREEREN_VOL_6
15882	ISLAHI_TAQREEREN_VOL_7
15883	ISLAHI_TAQREEREN_VOL_8
15884	ISLAHI_TAQREEREN_VOL_9
15885	ISTIGHFAR_K_SAMRAAT
15886	KHUTBAAT_E_FAQEER_VOL_11
15887	KHUTBAAT_E_FAQEER_VOL_27
15888	KHUTBAAT_E_FAQEER_VOL_28
15889	KHUTBAAT_E_FAQEER_VOL_29
15890	KHUTBAAT_E_FAQEER_VOL_30
15891	KHUTBAAT_E_FAQEER_VOL_31
15892	KHUTBAAT_E_FAQEER_VOL_32
15893	KHUTBAAT_E_FAQEER_VOL_33
15894	KHUTBAAT_E_FAQEER_VOL_34
15895	KHUTBAAT_E_FAQEER_VOL_35
15896	KHUTBAAT_E_FAQEER_VOL_36
15897	KHUTBAAT_E_FAQEER_VOL_37
15898	KHUTBAAT_E_FAQEER_VOL_38
15899	KHUTBAAT_E_FAQEER_VOL_39
15900	KHUTBAAT_E_FAQEER_VOL_41
15901	KHUTBAAT_E_FAQEER_VOL_42
15902	KHUTBAAT_E_FAQEER_VOL_43
15903	KHUTBAAT_E_QASMI_01
15904	KHUTBAAT_E_QASMI_02
15905	KHUTBAAT_E_QASMI_05
15906	KHUTBAAT_E_QASMI_06
15907	KHUTBAAT_E_QASMI_07
15908	KHUTBAT_E_HAKEEM_UL_ISLAM_1
15909	KHUTBAT_E_HAKEEM_UL_ISLAM_2
15910	KHUTBAT_E_HAKEEM_UL_ISLAM_3
15911	KHUTBAT_E_HAKEEM_UL_ISLAM_4
15912	KHUTBAT_E_HAKEEM_UL_ISLAM_5
15913	MAKTOOBAAT_E_SHEIKH_MUJADDID_ALIF_THANI
15914	MAKTOOBAT_E_MASOOMIA_VOL_1
15915	MAKTOOBAT_E_MASOOMIA_VOL_2
15916	MAKTOOBAT_E_MASOOMIA_VOL_3
15917	TAALIBANE_ULOOME_NUBUWWAT_KA_MAQAAM_AUR_UNKI_ZIMMEDARIYA_1
15918	TAALIBANE_ULOOME_NUBUWWAT_KA_MAQAAM_AUR_UNKI_ZIMMEDARIYA_2
15919	TARBIYAT_E_ASHIQAAN_E_KHUDA_VOL_1
15920	TARBIYAT_E_ASHIQAAN_E_KHUDA_VOL_2