Title,PageCount,BookIDs
الفرقان بين أولياء الرحمن وأولياء الشيطان,107,"38158,85735"
إعلان النكير على المفتونين بالتصوير,76,"47061,65090"
إقامة الحجة والدليل وإيضاح المحجة والسبيل,46,"33532,46929"
الصوفية .. نشأتها وتطورها,89,"58706,100877"
المقنع في رسم مصاحف الأمصار,38,"59344,80626"
المولد النبوي ناصر الحنيني,18,"27108,38216"
الوجيز المفيد في تبيان أسباب ونتائج قتل عثمان بن عفان,137,"48296,57059"
براءة الأصحاب من دم الأحباب,263,"71388,90217"
بروتوكولات آيات قم حول الحرمين المقدسين,101,"81569,82491"
ثبت مؤلفات الألباني,110,"81710,103615"
رأي شيخ الإسلام ابن تيمية في التفاسير المطبوعة,26,"43814,82866"
صراع مع الملاحدة حتى العظم,459,"69925,75108"
فضل عشر ذي الحجة,11,"67004,78518"
كتاب الإجماع للإمام ابن المنذر,47,"78547,102394"
كنت قبوريا,24,"28648,37610"
مخارج الحروف عند ابن جني,7,"75192,81499"
مصنفات حذر منها الإمام الذهبي في كتابه سير أعلام النبلاء,20,"28153,34137"
منهج الموازنة في الحكم على الأعيان عند شيخ الإسلام,58,"60744,62243"
و أخيرا ترجل الفارس خطاب,66,"18478,89644"
أخطار (الجامعة الأمريكية) في البلاد الإسلامية,134,"29728,75270"
أهمية الدعاء والمواضيع المتعلقة به,17,"29747,32067"
أوضح المسالك إلى أحكام المناسك,154,"22764,93425"
الأحاديث العوالي من جزء ابن عرفة العبدي,12,"28704,89177"
الأشربة,42,"43792,100853"
الإتقان في تعليم أحكام القرآن الكريم,35,"53360,69667"
البدع والنهي عنها لابن وضاح القرطبي,64,"30602,101961"
التجلية لحكم الجلوس للتعزية,58,"17566,60564"
التحذير من مختصرات الصابوني في التفسير,59,"38155,88075"
التزكية بين أهل السنة والصوفية,49,"68846,72503"
التوسل أنواعه وأحكامه,118,"27834,83978"
التوضيح والتتمات على كشف الشبهات,209,"65055,94884"
الحث على التجارة والصناعة لأبي بكر بن الخلال,130,"70105,89632"
الدر المصون في علم الكتاب المكنون,5954,"28464,88085"
الدليل العلمي والسياحي لواحتي القطيف والأحساء,131,"31617,81537"
الذهب الأبيض - الرسالة -النسخة النهائية,47,"19398,89073"
العنوان في القراءات السبع,36,"39047,88631"
الفكر الصوفي,158,"34818,69748"
القول السديد في مقاصد التوحيد,213,"60588,90024"
الكشاف عن ضلالات حسن السقاف,39,"57541,69752"
المرأة وكيد الأعداء,8,"22796,90038"
المعتصر شرح كتاب التوحيد,361,"28457,33554"
المقترب في بيان المضطرب,283,"32188,84083"
الواجهة,1,"49440,72556,83257"
اليقين,43,"26230,70139"
انحرافات القبوريين ... الداء الدواء,12,"41946,52336"
تحفة الأبرار في أذكار طرفي الليل والنهار,26,"40079,97596"
تفسير الشعراوي,7567,"28550,69866"
جزء منتقى من حديث الحافظ العراقي,17,"37110,74989"
خطبة عيد الفطر,1,"72598,83323"
رسالة في إثبات الاستواء والفوقية,30,"43790,94821"
زوجات لا عشيقات,71,"61576,71405"
شبهات حول المرأة,52,"43861,58813"
شعار أصحاب الحديث,41,"89279,98742"
صيد الكتب,42,"54125,87296"
ضوابط الفتيا في النوازل المعاصرة,50,"20450,82379"
طوق الحمامة في التداوي بالحجامة,136,"33577,49834"
عداوة الشيطان للإنسان,60,"54137,97524"
عقيدة ابي علي الهاشمي الحنبلي,5,"44033,59342"
عليكم بالسنة فإن السنة مفتاح القرآن,41,"33529,95593"
عندما أبصرت الحقيقة 00 حقائق لا يسع اهل نجران جهلها,85,"28559,74031"
عودة الصفويين,38,"38336,64939"
غلط الضعفاء من الفقهاء,16,"33601,78396"
فضائل أبي بكر الصديق للعشاري,15,"44061,101425"
فقة تغير المنكر د محمود توفيق سعد,91,"39937,51306"
فن المقالة عناصرها وانواعها,8,"27832,44067"
قوادح عقدية في بردة البوصيري,12,"16746,54217"
كتاب معرفة التذكرة لابن طاهر المقدسي,187,"17254,44106"
كتب أثنى عليها العلماء,157,"58055,88256"
كلمات عابرة للمرأة المسلمة المعاصرة,19,"37618,54261"
كلمات وأشعار في ذم الرافضة الكفار الفجار,27,"33586,79833"
لغات الرسل وأصول الرسالات,217,"75158,104740"
مالك بن نبي وموقفه من القضايا الفكرية المعاصرة,247,"23638,72042"
مجموعة الأحكام الفقهية المختصرة,30,"44150,49349"
محاضرة - أحكام تخص المرأة -,12,"33741,71890"
مشكاة السنة في أعياد الأمة,11,"37670,44188"
من لم يرو عنه غير واحد,19,"52120,85954"
من محاسن الدين الإسلامي,47,"83263,88517"
منظومة القواعد الفقهية,145,"19239,23010"
منهج المحدثين بين نظرية المنهج وتاريخ العلوم,13,"60310,65356"
مواصفات الترجمة المعدة للاستعمال في مجال الدعوة,54,"28727,65358"
نداء إلى كل صاحب محل تجاري,61,"29720,75307"
13 شبهة للقبوريين والجواب عليها,14,"28477,105369"
2 وصية أبي عثمان الصابوني,10,"28380,65277"
The Hijab .. Why,51,"20013,31164"
أثر الأحاديث الضعيفة والموضوعة في العقيدة,33,"17617,62541"
أجوبة على مسائل سألها النووي في ألفاظ من الحديث,36,"44534,86310"
أخطاء ابن خلدون في كتابه المقدمة,315,"19316,60346"
أدب الدنيا والدين,457,"66468,73089"
أربع قواعد تدور الأحكام عليها,14,"20560,96953"
أصغر رسالة في نقض النصرانية,11,"39767,65618"
أمالي ابن سمعون,81,"88312,104631"
أمان الأمة من الإختلاف (مجلد واحد),350,"30934,40957"
إذا روي الحديث موصولا ومرسلا,7,"65097,71072"
إعراب القرآن للزجاج,227,"88317,88359"
إفحام الأعداء والخصوم,206,"51317,59377"
إلقام الحجر لمن زكى ساب أبي بكر وعمر رضي الله عنهما,16,"63519,78494"
اخطاء التي يفع فيها الحجاج و العمار,23,"22861,73833"
الأدلة الرضية للإمام الشوكاني,25,"22775,100862"
الأربعون النووية,42,"39617,79987"
الأسماء والصفات نقلا وعقلا,41,"26684,28494"
الألفاظ المستعملة في المنطق,28,"42951,99968"
الأنوار الكاشفة,335,"42211,73576"
الأوجه بين السور للشيخ سلطان المزاحي,24,"33949,50210"
الإبانة - الأشعري,119,"28724,78456"
الإخلاص والنية,53,"68261,86057"
الإرشادات في تقوية الأحاديث بالشواهد والمتابعات,287,"73587,92001"
الاختتان,12,"71471,88316"
الاستشراق ومكانته بين المذاهب الفكرية المعاصرة,22,"26696,34039"
الاعتصام,170,"32460,74090"
الاعتقاد,347,"78609,81518"
الاعتقاد للبيهقي,407,"81656,96096"
الباعث الحثيث في اختصار علوم الحديث,38,"32093,63545"
البدور الزاهرة,390,"38519,80185"
التحجيل في تخريج ما لم يخرج في إرواء الغليل,390,"31763,83495"
الترف .. مظاهره وأسبابه وعلاجه,18,"24517,46965"
التسهيل لعلوم التنزيل لابن جزي,2661,"48266,102827"
التكميل لما فات تخريجه من إرواء الغليل,152,"20593,52236"
التمييز للإمام مسلم,54,"32105,92048"
التوكل على الله,63,"36414,78304"
الجامع في الخاتم للبيهقي,37,"97570,103132"
الجزرية,17,"17096,96403"
الجمعة وفضلها لأحمد بن علي المروزي,92,"38479,40029"
الحديث المعلول قواعد وضوابط,48,"84061,84094"
الحديث حجة بنفسه,65,"52413,52444"
الحروف,80,"64166,92588"
الحشر,15,"47557,101785"
الحل القصدي للغة في مواجهة الاعتباطية لعالم سبيط النيلي,185,"75130,89420"
الدرر البهية في المسائل الفقهية,26,"75151,85603"
الدعاء المشروع في الحج,24,"28142,33698"
الدعاء لمحمد بن فضيل الضبي,168,"40040,103133"
الدعاء لولاة الأمر,19,"38478,50199"
الديمقراطية آثار وثمرات,70,"18043,105427"
الرأسمالية,7,"19990,98317"
الرؤية للدارقطني,345,"38480,89642"
الرحبية,42,"22545,33295"
الرسالة المنسوبة إلى شيخ الإسلام ابن تيمية,20,"72333,97579"
الزهد لأبي حاتم الرازي,124,"40051,70106"
الزهد لأحمد بن حنبل,399,"60806,88321"
الزهد لأسد بن موسى,117,"71645,96104"
الزهد للمعافى بن عمران الموصلي,277,"97680,103135"
السبحة تاريخها وحكمها,60,"54252,85606"
السلب ومظاهره في العربية,71,"39812,71375"
السير لأبي إسحاق الفزاري,283,"70107,71659"
السيف البتار على من يوالي الكفار,22,"46992,47939"
الشفاعة للوادعي,188,"64883,102714"
الشمس والدابة,14,"28309,86622"
الصبر والثواب عليه,201,"70138,101558"
الطهور للقاسم بن سلام,439,"96105,97692"
العزلة للخطابي,264,"18534,103136"
العقوبات,427,"46506,80118"
الغيبة والنميمة,109,"78303,88364"
الفرج بعد الشدة,116,"86059,96139"
الفرق بين النصيحة والتعيير,13,"22821,78582"
الفوائد والزهد والرقائق والمراثي لجعفر الخلدي,76,"28744,105092"
القراءة عند القبور لأبي بكر بن الخلال,12,"71839,80004"
القضاء لسريج بن يونس البغدادي,125,"82217,88332"
القول السديد شرح كتاب التوحيد,200,"67326,95756"
الكشف المبدي لتمويه أبي الحسن السبكي,340,"67521,79701"
المؤامرة على المرأة المسلمة,78,"40886,82289"
الماسونية للشيخ عبدالرحمن الدوسري,14,"27096,95775"
المدخل إلى الصحيح,156,"23754,52618"
المسيح لم يصلب هكذا قال القرآن والإنجيل,29,"44515,102861"
المشابهة بين قاسم أمين في كتابه تحرير المرأة و دعاة التحرير في هذا العصر,48,"19215,75111"
المطر والرعد والبرق,186,"48770,57159"
المقترح في أجوبة أسئلة المصطلح,136,"29642,71095"
المكي والمدني,10,"78757,88678"
المنتخب من علل الخلال,57,"48824,83449"
المنقذ من الضلال,22,"69767,101464"
المنهاج للنووي,532,"33457,43666"
الموقظة في علم مصطلح الحديث,22,"32207,42257"
الميزان,19,"37071,58747"
الورقات,26,"32612,84845"
اهتمام الاسلام بالمرأة,2,"75363,98349"
تاريخ أسماء الثقات لابن شاهين,68,"49532,61754"
تحرير النشر,40,"70911,88550"
ترتيب علل الترمذي الكبير,157,"70119,71058"
تركة النبي لحماد بن إسحاق,106,"40761,80026"
تفجيرات لندن والبعد الغائب,21,"40888,54328"
تفسير سورة النور,135,"37801,82294"
تلخيص منسك الشنقيطي ـ عبدالرحمن بن محمد الهرفي,28,"49343,99077"
جزء من حديث لوين,118,"72035,105354"
جلسة مع مغترب,34,"75281,102014"
حجاب المسلمة بين انتحال المبطلين وتأويل الجاهلين,414,"90042,104704"
حدائق الموت,32,"32745,87072"
حديث أبي محمد الفاكهي,287,"59216,82454"
حديث إفطار الصائم,43,"88406,91892"
حديث سترة المصلي,7,"33730,96442"
حديث لا وضوء إلا من صوت أو ريح,3,"33487,39215"
حراسة العقيدة,110,"26624,88137"
حكم الاحتفال بذكرى المولد النبوي .. الفوزان,6,"16650,78846"
حكم قراءة الجنب للقرآن,20,"22683,54423"
دراسة في أصول الفقه,12,"22612,92952"
درسی بہشتی زیور,699,"3128,3129"
دروس وفتاوى سؤال من حاج,148,"23017,47175"
دلالات الألوان في القرآن,13,"54016,64778"
دليل الطالب لنيل المطالب,350,"44207,64842"
رؤية الله لابن النحاس,15,"59217,82493"
رؤية فرنسية في النحو العربي,127,"36495,74931"
رسائل الى المرأة في الحج,33,"58413,94817"
رسالة أخوية,47,"47460,64796"
رسالة إلى الرياضي لعبد الوهاب الناصر الطريري,6,"33476,78958"
رسالة جوال خطيرة,1,"37546,74953"
رسالة في الغناء الملهي أمباح هو أم محظور,11,"43809,43811"
رسالة في رواية حذيفة بن اليمان رضي الله عنه في الصحيحين,22,"17228,64801"
رفع اللائمة عن فتوى اللجنة الدائمة,63,"28513,101780"
رمضان .. فضائل وأحكام,30,"28265,33485"
روح وريحان لتسهيل حفظ القرآن,165,"23784,74972"
زراعة عضو استؤصل من حد أو قصاص,22,"33488,60200"
زيادة رجل في أحد الأسانيد,5,"74975,81255"
سؤال حول عبد الله بن سبأ,16,"54052,79776"
سؤالات أبي داود لأحمد,44,"31743,103426"
سؤالات السلمي للدارقطني,39,"38566,63012"
سبعون سؤالا في الصيام,35,"37811,85621"
سيرة سماحة الشيخ محمد بن إبراهيم آل الشيخ,19,"75016,91430"
شبهات حول الصحابة ذو النورين عثمان,127,"33545,40840"
شرح الصيام من دليل الطالب,62,"65439,95311"
شرح العقيدة الطحاوية - صالح الفوزان,238,"47065,79791"
شرح العقيدة الواسطية - هراس,362,"68739,95848"
شرح القواعد الفقهية ــ للزرقا,303,"17094,64231"
شرح رسالة ابن سعدي في الأصول,125,"44218,81207"
شرح علل الترمذي لابن رجب,495,"48829,83487"
شرف أصحاب الحديث للخطيب البغدادي,357,"28754,82530"
صدق الوعد,3,"22733,94839"
صور مشرقة من تاريخ المرأة المسلمة,27,"22737,40759"
صيانة الاسلام وعبث اللئام,8,"44195,61578"
ضوابط الاستمتاع بالزوجة في الصيام,42,"75046,79571"
طرق الكشف عن الإدراج,8,"44021,104336"
طرق حديث إن لله تسعة وتسعين اسما,89,"54129,105661"
طرق ووسائل الدعوة إلى الله في أماكن العمل,5,"75050,82546"
طل الربو,18,"20245,22746"
عصمة الأئمة بين أهل السنة والشيعة,14,"22755,48419"
عقيدة السلف أصحاب الحديث,40,"70404,75062"
غارة الفصل على المعتدين على كتب العلل,82,"33599,51197"
فتاوى علماء الإسلام الأمجاد في حكم التمثيل والإنشاد,44,"31679,33603"
فضائل سور القرآن الكريم كما حققها العلامة الألباني,11,"23792,70090"
فضائل شهر رمضان لابن شاهين,40,"16920,98669"
فن التأليف للخطبة وللكتاب وللمادة التدريبية,11,"33619,94868"
فوائد من حديث,15,"75106,80194"
قراءة في بردة البوصيري وشعره,14,"33633,54213"
قصص ومعانى,38,"37604,75118"
قواعد الأصول ومعاقد الفصول,29,"54677,92912"
قواعد واصول في المقلدين والجهال في الشرك الاكبر والبدع,9,"75121,80195"
قيادة,36,"60706,75122"
كاميرا الجوال .. تحقيقات - رسائل - فتاوى - قصص,63,"44090,71439"
كتاب الحدود والسلطان,80,"54242,93554"
كتاب السكينة أيها الناس,15,"27836,58073"
كتاب الصيام و كتاب الاعتكاف,30,"95316,96220"
كتب عن اللغة وعلومها من صرف ونحو وبلاغة,6,"65494,81711"
كتب ودراسات في بيان عقائد الشيعة الإمامية,2,"44108,97571"
كلمات السداد على متن الزاد,317,"34143,39041"
كيف ربى النبي اصحابه,106,"81315,97710"
لا تخافوهم,12,"22855,69152"
لباس المرأة أمام النساء,8,"19227,54276"
لماذا حرمت الشريعة الإسلامية الربا,6,"44310,101302"
مؤسسات الطوافة في الفقه الإسلامي,14,"41427,75168"
ما الهم الذي تحمله,21,"47551,75348"
ما جاء فى التوراة عن رسول الله صلى الله عليه وسلم,12,"28658,54299"
ماہنامہ دار العلوم دیوبندرجب 1429 ھ مطابق جولائی 2008ء,8,"2080,2081"
مثال لاختلاف الضعيف مع الثقات,4,"22874,60303"
مجلة المرأة المسلمة,14,"51115,51309"
محاضرة - الملعونات -,7,"22881,75185"
مرشد الحائر لبيان وضع حديث جابر,17,"65280,75211"
مرويات غزوة الحديبية جمع وتخريج ودراسة,317,"33813,93645"
مسند أبي حنيفة للأصبهاني,255,"96427,103562"
مشتبه أسامي المحدثين,255,"54364,93703"
مشيخة الآبنوسي,61,"16982,44098"
مصطلح الحديث في سؤال و جواب,49,"17092,99829"
معاني الحروف العربية على واقع المعاجم اللغوية,21,"100822,104628"
مقالات حول الحجاب,36,"54461,98371"
مقالات في الحج,8,"75235,87824"
مقالات في المنهج,63,"65306,71507"
مقترحات للعاملين في المكاتب الدعوية في المستشفيات,3,"64330,69186"
مكتبة الأحاديث السنة النبوية,2,"18483,54401"
مكتبة التاريخ والحضارةالإسلامية,2,"29725,33829"
مكتبة طالب العلم,5,"22989,98433"
ملحق رسالة سرقات حسن المالكي,25,"22991,40892"
ملخص القواعد الفقهية,16,"71057,104141"
من هم أهل البيت؟,21,"23004,88282"
من وسائل الإصلاح والدعوة,10,"54039,61884"
مناظرة ابن شاقلا الحنبلي,27,"37691,54419"
مناظرة بين الشيخ سعد الحميد والظافر الإباضي حول مسند الإمام الربيع بن حبيب,215,"30567,81705"
منظومة الزمزمي,11,"49354,96090"
منهج الإمام البخاري,318,"38570,92314"
منهج السالكين وتوضيح الفقة في الدين,273,"75360,85566"
مواعظ من كلام السلف,15,"87787,92948"
موت بابا الفاتيكان يكشف انحرافات في عقيدة الأمة,22,"48925,54432"
موتوا بغيظكم يا عباد الصليب,28,"37696,38421"
نبذة في أحكام الجنائز,7,"65382,70927"
نزول القرآن والعناية به في عهد الرسول,47,"44305,71932"
نظم قواعد الإعراب,4,"33939,61596"
نفخة البعث,19,"88294,95093"
نقض دعاوى من استدل بيسر الشريعة على التيسير في الفتاوى,14,"23481,62951"
نيل الأمانى فى ظلال السبع المثانى,112,"28379,65275"
هداية المرتاب وغاية الحفاظ والطلاب في تبيين متشابه الكتاب,25,"48237,65307"
هكذا يعتقد الروافض في أهل السنة,7,"16873,54462"
هل العهد الجديد كلمة الله,188,"44533,96076"
هل المحاماة حلال أم حرام,30,"33951,87804"
هواتف الجنان,178,"36418,38521"
واجباتها,7,"33627,61589"
واعبدواالله,38,"54385,96080"
وقفات في رحلة الإيمان,7,"59210,79411"
وقوع الإدراج في السند دون المتن,12,"54493,89299"
وقوع الشرك في الأمة,54,"28872,65462"
